feature,RandomForest_mean_importance,RandomForest_selection_freq,LogisticL1_mean_importance,LogisticL1_selection_freq,LogisticElasticNet_mean_importance,LogisticElasticNet_selection_freq,overall_mean_importance,overall_selection_freq,selected_by_n_models
"220_Octane, 2,6-dimethyl-_9.3529",0.009631531267216803,1.0,0.904032709624755,1.0,0.5059112882274449,1.0,0.7206619204435633,1.0,3
"247_Benzene, 1-ethyl-4-methyl-_9.8909",0.006222786779233992,1.0,0.467707390505839,1.0,0.3252641873616766,1.0,0.4387793826578507,1.0,3
"39_Pentane, 2-methyl-_5.6427",0.004091749976475078,1.0,1.4883023736307701,0.8,0.6959322203283663,1.0,0.7838634965287632,0.9333333333333333,3
465_2-Undecanone_15.4493,0.0017971441262851918,1.0,1.304122528163333,0.8,0.6383753082837431,1.0,0.6493220767589071,0.9333333333333333,3
"218_Octane, 2,7-dimethyl-_9.3093",0.007141258005241293,1.0,0.8850737988449316,0.8,0.48797443308540445,1.0,0.6364974599847721,0.9333333333333333,3
"44_Pentane, 2,2,3-trimethyl-_5.8215",0.0035681016339079866,1.0,0.9998791656089095,0.8,0.5486456134161422,1.0,0.5889270374011571,0.9333333333333333,3
"27_Dimethylamine, N-(diisopropylphosphino)methyl-_5.0314",0.002155877527737341,1.0,1.0580117483866842,0.8,0.5737098995186176,1.0,0.5735028183889562,0.9333333333333333,3
354_L-Menthone_12.3215,0.0019873165376577137,1.0,1.1439330254326017,0.8,0.5382686393629811,1.0,0.5709431070079054,0.9333333333333333,3
52_Dimethyl selenide_6.032,0.010452982541408692,1.0,0.5482254807032046,0.8,0.2975381524794314,1.0,0.564695104494446,0.9333333333333333,3
320_unknown_11.349,0.009930915735551289,1.0,0.571576956966929,0.8,0.2788616660981262,1.0,0.5460264029086821,0.9333333333333333,3
613_unknown_21.7549,0.0022962013296000507,1.0,1.1336372539004065,0.8,0.4451217061837426,1.0,0.5328693783619329,0.9333333333333333,3
174_1-Penten-3-one_8.4343,0.007277930775068731,1.0,0.6056180713093003,0.8,0.3690493207171929,1.0,0.5208606829242438,0.9333333333333333,3
562_Anthracene_19.1469,0.0007109936658182758,1.0,1.0288113139778134,0.8,0.5055876343452277,1.0,0.49294935701970655,0.9333333333333333,3
"425_Pentadecane, 6-methyl-_14.1381",0.004885121258892112,1.0,0.70377988584519,0.8,0.3206666526527492,1.0,0.45113644418149473,0.9333333333333333,3
11_Butane_4.6389,0.0043370060233728315,1.0,0.5746995108959024,0.8,0.30972021169966435,1.0,0.40128416461956945,0.9333333333333333,3
414_Hippuric acid_13.8591,0.010658460109810305,1.0,0.19051298949208167,0.8,0.1082004652839598,1.0,0.3997761927886631,0.9333333333333333,3
"505_Benzene, (1-propylnonyl)-_16.7218",0.002580895686440072,1.0,0.5656179325208112,0.8,0.3647130496089126,1.0,0.3752913952176031,0.9333333333333333,3
598_unknown_20.7843,0.0012098196154747027,1.0,0.5802346145667818,0.8,0.4280651714898996,1.0,0.36963841443649387,0.9333333333333333,3
524_3-Aminocarbazole_17.3818,0.00749816931464501,1.0,0.32542355812764173,0.8,0.1682043803165786,1.0,0.36821449538244727,0.9333333333333333,3
546_unknown_18.5052,0.0014080403733480382,1.0,0.7554562498284059,0.8,0.320170956179303,1.0,0.3628815745385041,0.9333333333333333,3
532_unknown_17.7166,0.0021801050340389083,1.0,0.5596870519672971,0.8,0.3402696655915908,1.0,0.35077578450641783,0.9333333333333333,3
492_Tetracosane_16.1751,0.003228211855962031,1.0,0.5730587445095361,0.8,0.26373853292029564,1.0,0.34713432873640987,0.9333333333333333,3
"238_Nonane, 2-methyl-_9.6574",0.002507183193741065,1.0,0.5886528239474556,0.8,0.2855650326289787,1.0,0.3404293726263628,0.9333333333333333,3
226_unknown_9.452,0.0015316339473781405,1.0,0.6171810905413492,0.8,0.28170439847712775,1.0,0.31702776963313445,0.9333333333333333,3
"525_Cyclopentaneacetic acid, 3-oxo-2-pentyl-, methyl ester_17.4268",0.002124403033415276,1.0,0.5063806616425386,0.8,0.2923598409417968,1.0,0.31429383254085336,0.9333333333333333,3
444_Tricosane_14.9155,0.005107026902054581,1.0,0.32243237050217777,0.8,0.17053706448966036,1.0,0.3001742145957081,0.9333333333333333,3
201_unknown_8.9681,0.004134241002084174,1.0,0.30558563574946584,0.8,0.20271914571084051,1.0,0.2839526923412481,0.9333333333333333,3
281_Octanal_10.4446,0.0023095326091386037,1.0,0.4378810312680579,0.8,0.19727606764956607,1.0,0.25871193333780407,0.9333333333333333,3
560_Anthrone_19.0108,0.0019609924399390435,1.0,0.36811363380262574,0.8,0.24276916237448107,1.0,0.25489324746268577,0.9333333333333333,3
"57_3-Hexene, (Z)-_6.1962",0.002722420222736226,1.0,0.2789666784212659,0.8,0.23280877188290444,1.0,0.251965329152491,0.9333333333333333,3
596_unknown_20.6821,0.0027178681348320297,1.0,0.3783141664210579,0.8,0.15708729110293396,1.0,0.23781707833245047,0.9333333333333333,3
501_unknown_16.5692,0.0007551407278679241,1.0,0.4430190484708747,0.8,0.24194546869817324,1.0,0.23673691947816256,0.9333333333333333,3
663_Triacontane_25.6092,0.0014488996968439285,1.0,0.29445445050231883,0.8,0.24292714816596325,1.0,0.2238040814487008,0.9333333333333333,3
"163_Oxirane, (methoxymethyl)-_8.3017",0.0008367513780041076,1.0,0.3426896645737251,0.8,0.1838315103137571,1.0,0.18876870976630852,0.9333333333333333,3
10_3-Aminopropionitrile_4.6286,0.0011357950012162658,1.0,0.7238362777841352,0.8,0.4859765398399631,0.8,0.4274185113173082,0.8666666666666667,3
469_Tridecanal_15.6037,0.002369816658426278,1.0,0.6024364323896487,0.8,0.37388286737834536,0.8,0.38188392091544365,0.8666666666666667,3
242_unknown_9.7795,0.0038584095766381306,1.0,0.5779851289073754,0.6,0.20218627004799164,1.0,0.3368060269695823,0.8666666666666667,3
484_unknown_15.9752,0.004759721786542694,1.0,0.34850588146960515,0.8,0.24268461329693303,0.8,0.33062306545351455,0.8666666666666667,3
"210_1-Hexene, 2,5-dimethyl-_9.1419",0.0019164079196484396,1.0,0.7122189086474343,0.6,0.2366953726024287,1.0,0.32777591503385667,0.8666666666666667,3
196_Tegafur_8.8936,0.0035105113819082373,1.0,0.5586468851826284,0.6,0.17078244161266506,1.0,0.3074686717986095,0.8666666666666667,3
299_unknown_10.9247,0.004068348511288662,1.0,0.44296373214118273,0.6,0.17506244555338182,1.0,0.2995869593814164,0.8666666666666667,3
583_unknown_19.9853,0.0007427587937050321,1.0,0.5148887144120503,0.8,0.33899540250136057,0.8,0.2989632181389425,0.8666666666666667,3
14_Acetaldehyde_4.7342,0.0036463975448917476,1.0,0.4587673441159159,0.8,0.15490455317464755,0.8,0.28138575732793963,0.8666666666666667,3
"200_Benzene, 1,3-dimethyl-_8.9596",0.0039609604110529845,1.0,0.23143756315730016,0.6,0.1909664749529955,1.0,0.2567534717921494,0.8666666666666667,3
120_unknown_7.3588,0.0015306185292142567,1.0,0.4337059901299056,0.8,0.23765686336540828,0.8,0.2548083658301891,0.8666666666666667,3
"478_2,4-Di-tert-butylphenol_15.8435",0.003983703656468251,1.0,0.25294001670486654,0.8,0.17153852357449312,0.8,0.2529152876026847,0.8666666666666667,3
530_Tetradecanal_17.6668,0.0015206855023301004,1.0,0.4469181134974021,0.6,0.22314562316486636,1.0,0.250532461011104,0.8666666666666667,3
216_Styrene_9.2443,0.0014630170215289783,1.0,0.42623992505032676,0.8,0.21880013700093798,0.8,0.24216806352807652,0.8666666666666667,3
152_Octane_8.0047,0.001634805825176901,1.0,0.35058315941963425,0.8,0.23880441628013643,0.8,0.23972524710604218,0.8666666666666667,3
446_unknown_14.961,0.0034539146874325447,1.0,0.2667697434313773,0.8,0.16753621012097783,0.8,0.2389213760867865,0.8666666666666667,3
511_unknown_16.9083,0.001013027968937985,1.0,0.3152861345289876,0.8,0.2622520311002331,0.8,0.22524150598876913,0.8666666666666667,3
361_Propanal_12.3811,0.0026316892258670737,1.0,0.2708012719888051,0.8,0.18540201578752363,0.8,0.22483119852691913,0.8666666666666667,3
622_Tricosane_22.7249,0.0024926569599504245,1.0,0.2604552119810778,0.8,0.19619388182916403,0.8,0.22370083156967943,0.8666666666666667,3
593_unknown_20.4504,0.0006286743138282801,1.0,0.4195785349937314,0.6,0.19390685566929705,1.0,0.2048554562199727,0.8666666666666667,3
606_Nonacosane_21.3482,0.0008627917531165074,1.0,0.25035424669672435,0.8,0.2222327370130881,0.8,0.1872274923852599,0.8666666666666667,3
50_unknown_5.9583,0.002162309458032526,1.0,0.2673847341381445,0.6,0.09207084368280302,1.0,0.1659187282895296,0.8666666666666667,3
473_unknown_15.7342,0.002001726090074997,1.0,0.18395612822487964,0.8,0.08333745402439767,0.8,0.13845079102603583,0.8666666666666667,3
"355_Cyclohexanol, 5-methyl-2-(1-methylethyl)-_12.3456",0.0012705186107396385,1.0,0.23213095780728077,0.6,0.0817053696169733,1.0,0.12751531494935953,0.8666666666666667,3
"30_1,2-Pentadiene_5.1548",0.004982225203889649,1.0,0.6630115369921609,0.6,0.33011328461147305,0.8,0.44931156785641285,0.8,3
322_Nonanal_11.4767,0.011637828944946069,1.0,0.17758014975581515,0.6,0.11818757706772572,0.8,0.4297145092964036,0.8,3
"330_Isoquinoline, 3-butyl-_11.6979",0.007107155037081571,1.0,0.3603809007310484,0.6,0.2235959426322348,0.8,0.3913754405252701,0.8,3
202_1-Ethyl-4-methylcyclohexane_8.9946,0.005084620094666055,1.0,0.19685459347726128,0.8,0.2720666919789659,0.6,0.32003696295821776,0.8,3
"574_13-Docosen-1-ol, (Z)-_19.6446",0.002650531693072655,1.0,0.5437721241690502,0.6,0.2523026357554185,0.8,0.31855149702769725,0.8,3
495_Heneicosane_16.2392,0.005147608537199741,1.0,0.2738579464256981,0.6,0.21552980060944826,0.8,0.312007750255164,0.8,3
224_Bis(tert-butyldimethylsilyl) methylphosphonate_9.4158,0.0018921921898066244,1.0,0.482720496750273,0.6,0.2659179802151182,0.8,0.28967869785274103,0.8,3
252_Cyclodecane_9.9578,0.002181334989265834,1.0,0.4368976211714138,0.6,0.1795258570820245,0.8,0.2463179282075476,0.8,3
"32_Diazene, dimethyl-_5.2911",0.0019432704531527505,1.0,0.40917130867351065,0.6,0.17804942689196146,0.8,0.232582228756924,0.8,3
654_2-Methyltetracosane_24.8949,0.003098489484120685,1.0,0.2879441914598971,0.6,0.14894172179027806,0.8,0.22457734950257588,0.8,3
209_Phenylethyne_9.1203,0.0022229513029106687,1.0,0.40954965151557077,0.4,0.14175505890259374,1.0,0.2232935949354761,0.8,3
67_unknown_6.3642,0.0016872496914134157,1.0,0.3887529942241757,0.6,0.16437644255416906,0.8,0.21412715628788748,0.8,3
66_2-Butanone_6.3509,0.0011389906951305563,1.0,0.4106816823317676,0.6,0.17775393221989236,0.8,0.20974260810120007,0.8,3
486_Hexadecane_16.0176,0.0020143810460109537,1.0,0.34729414834752964,0.6,0.14812615535082602,0.8,0.20642797509130148,0.8,3
474_Triacontane_15.7371,0.0012360013795646929,1.0,0.376181874054315,0.6,0.17266930811354497,0.8,0.2023589266209543,0.8,3
395_unknown_13.363,0.0012934602870478084,1.0,0.31495250540862724,0.8,0.18046888905303204,0.6,0.19402700323128827,0.8,3
193_unknown_8.8646,0.002009899098469048,1.0,0.27742569050647065,0.6,0.15272877734390733,0.8,0.19285578131788084,0.8,3
"243_Benzene, propyl-_9.8192",0.0012518576334975026,1.0,0.3843562406788222,0.6,0.14509310712006546,0.8,0.19143560922784938,0.8,3
165_unknown_8.3148,0.0023036751961849735,1.0,0.11099683638267599,0.6,0.06311906650614285,0.8,0.12107460002830113,0.8,3
312_unknown_11.1553,0.0018889891129928236,1.0,0.7133594908620821,0.6,0.5634669585978678,0.6,0.483761078094237,0.7333333333333333,3
240_unknown_9.7359,0.005886884075426697,1.0,0.4758471047727615,0.4,0.21592359540069875,0.8,0.3786101395046702,0.7333333333333333,3
177_unknown_8.497,0.006137043315556082,1.0,0.3411734920891743,0.4,0.22422929067507427,0.8,0.3595907772177897,0.7333333333333333,3
288_unknown_10.615,0.0030967170596034738,1.0,0.5111161845205546,0.6,0.31810797323752577,0.6,0.35553636265926913,0.7333333333333333,3
326_unknown_11.5875,0.0030869885275994916,1.0,0.45928235214762303,0.6,0.27218592730977537,0.6,0.3216530942943891,0.7333333333333333,3
"197_1-Hexanol, 3,5,5-trimethyl-_8.9006",0.0061986234506596445,1.0,0.3559618031178222,0.4,0.1101351627438474,0.8,0.31001858657950554,0.7333333333333333,3
145_unknown_7.8119,0.0029364588525957343,1.0,0.42636767200079084,0.4,0.2706006676290498,0.8,0.30921042908372137,0.7333333333333333,3
"567_Benzoic acid, 4-hydroxy-3-nitro-, (2-benzoylamino)ethyl ester_19.3885",0.0007830687410283306,1.0,0.7273860011654283,0.4,0.25255071688721575,0.8,0.30630580865172624,0.7333333333333333,3
72_Tetrahydrofuran_6.5022,0.004008202467754859,1.0,0.40067344645868824,0.6,0.2060131322209234,0.6,0.30321710668082474,0.7333333333333333,3
"22_Butane, 2-methyl-_4.9048",0.0023658502326652487,1.0,0.5041246668612472,0.4,0.2332918224079876,0.8,0.2924121093098057,0.7333333333333333,3
690_Triacontane_27.6883,0.0026876849901182635,1.0,0.5380459487217321,0.4,0.1896059635960494,0.8,0.28830309909024,0.7333333333333333,3
502_unknown_16.5999,0.0024641532281091012,1.0,0.5329886182650931,0.4,0.18182046094444185,0.8,0.27703891519913687,0.7333333333333333,3
514_Nonadecane_17.0179,0.00437404789826497,1.0,0.35840200855660387,0.4,0.12423204783223132,0.8,0.265057249463824,0.7333333333333333,3
459_unknown_15.3195,0.0020021184628496455,1.0,0.5245197910452822,0.6,0.17089776800028977,0.6,0.25667677322736,0.7333333333333333,3
579_Dotriacontane_19.8186,0.002620368607054069,1.0,0.3482075020079181,0.6,0.21001285369859954,0.6,0.25363148088561466,0.7333333333333333,3
107_Morpholine-4-sulfonyl chloride_7.1981,0.0026443846355445272,1.0,0.3649923365602813,0.4,0.19305539297554672,0.8,0.24995645287092547,0.7333333333333333,3
650_Heneicosane_24.7337,0.0031857022665356767,1.0,0.34319414942278004,0.4,0.1506323908421017,0.8,0.24025937218306725,0.7333333333333333,3
450_unknown_15.05,0.0005174370544969334,1.0,0.34872656820655745,0.6,0.30312812723217486,0.6,0.2381148744061433,0.7333333333333333,3
126_unknown_7.4447,0.0008364090456016821,1.0,0.42244649575542126,0.4,0.2451143005582946,0.8,0.2359748021843325,0.7333333333333333,3
"399_Oxirane, tetradecyl-_13.4507",0.0027331624359241634,1.0,0.3453545299765257,0.4,0.1671085443438069,0.8,0.23567312835825302,0.7333333333333333,3
"190_Benzene, chloro-_8.8019",0.003665609222780077,1.0,0.16966941095406363,0.6,0.1781246677075439,0.6,0.228308925864757,0.7333333333333333,3
344_Tridecane_12.0025,0.0006969040832975158,1.0,0.3367998541265586,0.6,0.25525968842524355,0.6,0.21765626725074605,0.7333333333333333,3
325_unknown_11.5756,0.0038668733730625993,1.0,0.22695410678325065,0.4,0.10852660817692009,0.8,0.21356791488254934,0.7333333333333333,3
641_Tetracosane_24.2154,0.003553419444970684,1.0,0.2563663647854078,0.4,0.08017417356830496,0.8,0.1975972506149861,0.7333333333333333,3
26_1-Butanamine_5.0131,0.0014836048316435777,1.0,0.3595991500446233,0.4,0.14722381762875925,0.8,0.19354910310217743,0.7333333333333333,3
298_unknown_10.8875,0.001777327525746138,1.0,0.1590203347314091,0.8,0.22015637578047997,0.4,0.19197136154250152,0.7333333333333333,3
35_Acetone_5.3805,0.0009898788259756265,1.0,0.3799182874125482,0.4,0.16293093100923783,0.8,0.19148184083486341,0.7333333333333333,3
"182_Hexane, 2,3,5-trimethyl-_8.5953",0.001483920627076825,1.0,0.26128107267147,0.6,0.16339033236911324,0.6,0.17928130172588982,0.7333333333333333,3
581_unknown_19.9136,0.002779367427354985,1.0,0.131319858800727,0.6,0.1422715513496976,0.6,0.1771631783547801,0.7333333333333333,3
"104_2-Propanol, 1-methoxy-_7.1329",0.0005294451515410801,1.0,0.2743840970895289,0.6,0.20933922893347248,0.6,0.1768859876722906,0.7333333333333333,3
"117_Propane, 1-(methylthio)-_7.3348",0.0026854461359165274,1.0,0.2173540361054682,0.6,0.09738074056234186,0.6,0.17224051264557494,0.7333333333333333,3
"470_1-Octanol, 2-butyl-_15.6424",0.0015522727255279313,1.0,0.20296432896019853,0.6,0.16143316795497983,0.6,0.16724049489970458,0.7333333333333333,3
277_Pentadecane_10.358,0.0026783870257704443,1.0,0.1159846317045397,0.6,0.1302232718579443,0.6,0.16506545123915875,0.7333333333333333,3
194_Ethylbenzene_8.8717,0.001184323476015423,1.0,0.17228052988530623,0.8,0.18239176886747424,0.4,0.15986801643962897,0.7333333333333333,3
70_2-Butanol_6.4359,0.0014826188350721555,1.0,0.23357941245695313,0.4,0.1321090078618821,0.8,0.158056770864019,0.7333333333333333,3
"143_Disulfide, dimethyl_7.751",0.0017618346290408885,1.0,0.23466950163118275,0.6,0.10130212905300363,0.6,0.15154258960593447,0.7333333333333333,3
45_unknown_5.8346,0.0014282562366138413,1.0,0.22835998050836515,0.4,0.10734991982780961,0.8,0.1434717593015584,0.7333333333333333,3
"123_3,5-Dithiahexanol 5,5-dioxide_7.4006",0.0014968052656143195,1.0,0.2562331374693764,0.4,0.06747754393580357,0.8,0.13258004902509246,0.7333333333333333,3
377_unknown_12.7595,0.0011136451493336242,1.0,0.18660338983311495,0.6,0.10858415634553853,0.6,0.12569958974003356,0.7333333333333333,3
558_unknown_18.9524,0.0008101723562789094,1.0,0.08889966372944712,0.6,0.13357336707464054,0.6,0.10709404296213038,0.7333333333333333,3
272_?-Terpinene_10.2667,0.0013432094055053168,1.0,0.15924938666645128,0.4,0.05864633665998097,0.8,0.10222946759512745,0.7333333333333333,3
75_Trichloromethane_6.5424,0.0010613646685760307,1.0,0.12523323361011104,0.4,0.07015068028879122,0.8,0.09204852869933279,0.7333333333333333,3
54_1-Propanol_6.0845,0.008763123432202816,1.0,0.2579632618613852,0.4,0.25018642019826937,0.6,0.42860384763089215,0.6666666666666666,3
"217_Octane, 3,5-dimethyl-_9.2557",0.00417396758167232,1.0,0.6407913576858124,0.4,0.32265214279154086,0.6,0.41761095067167897,0.6666666666666666,3
93_unknown_6.9802,0.007651432186999133,1.0,0.2769109582327818,0.6,0.21452857609139603,0.4,0.3839270536107167,0.6666666666666666,3
407_Pentadecane_13.7447,0.007120048188166435,1.0,0.3398045609457784,0.4,0.20190789593433345,0.6,0.3767482632658643,0.6666666666666666,3
38_Methylene chloride_5.6244,0.002702941729775493,1.0,0.4778375865529194,0.4,0.296403735992736,0.6,0.32640862994991177,0.6666666666666666,3
215_o-Xylene_9.2301,0.0028364790545562252,1.0,0.5011273267485676,0.4,0.2385978539246103,0.6,0.30776210624274203,0.6666666666666666,3
345_Pentadecane_12.0554,0.001973556515512237,1.0,0.37097151113961346,0.6,0.3442474797982511,0.4,0.3044986461480541,0.6666666666666666,3
"63_1,1-Dimethoxy-2-phenylpropane_6.2893",0.001414603232247209,1.0,0.47483104334856246,0.4,0.30496979037334015,0.6,0.2929372908937658,0.6666666666666666,3
"167_Heptane, 2,4-dimethyl-_8.341",0.0033136171336889965,1.0,0.25504652527336263,0.6,0.287767976671831,0.4,0.28986517821929353,0.6666666666666666,3
643_Nonacosane_24.3439,0.002605425187131373,1.0,0.4780012088550096,0.4,0.20563747998965257,0.6,0.2801775224543372,0.6666666666666666,3
"411_Hexadecane, 2,6,10,14-tetramethyl-_13.8054",0.004862524260056834,1.0,0.25767599802295627,0.4,0.1458490013177981,0.6,0.2668427692857805,0.6666666666666666,3
"328_Undecane, 2-methyl-_11.6562",0.005541829466764231,1.0,0.21746755457960346,0.4,0.120197031415478,0.6,0.265007522376412,0.6666666666666666,3
640_Triacontane_24.0573,0.005101230499155433,1.0,0.28409723121386676,0.4,0.1096550647269748,0.6,0.2622614309376256,0.6666666666666666,3
"572_Naphthalene, 1-phenyl-_19.5532",0.001991339978342436,1.0,0.5102034629710566,0.4,0.18870943115131977,0.6,0.2616929630941458,0.6666666666666666,3
115_unknown_7.3262,0.0023756158253659667,1.0,0.33841146916995435,0.4,0.23727453131471163,0.6,0.25748484092340135,0.6666666666666666,3
"449_1,9-Dichlorononane_15.0464",0.005279750601003138,1.0,0.23201938076225703,0.4,0.10911653563622574,0.6,0.25545288783443615,0.6666666666666666,3
"357_Dodecane, 2,6,11-trimethyl-_12.3493",0.0031582932229444133,1.0,0.3809761047381397,0.4,0.1505496454919567,0.6,0.247896663412573,0.6666666666666666,3
"575_Benzenesulfonamide, N-butyl-_19.6719",0.0021605264257113744,1.0,0.3195218941278668,0.4,0.2332931438738796,0.6,0.24518654522535235,0.6666666666666666,3
526_unknown_17.4839,0.0014977662300659864,1.0,0.41957970660826577,0.4,0.22084465200046857,0.6,0.2426509461516031,0.6666666666666666,3
476_Coumarin_15.829,0.0017397266603166174,1.0,0.3177294607366639,0.6,0.25089478167648044,0.4,0.24116317799246387,0.6666666666666666,3
462_unknown_15.351,0.004265105198458248,1.0,0.35483050351233925,0.4,0.08004923733506661,0.6,0.2399745714391296,0.6666666666666666,3
367_Decanal_12.5039,0.0017134423324459361,1.0,0.240923973120036,0.6,0.28498281506170087,0.4,0.23953557804327116,0.6666666666666666,3
342_unknown_11.9445,0.0023545202608766156,1.0,0.15322938197066718,0.6,0.2830311608265496,0.4,0.23732183146780672,0.6666666666666666,3
587_unknown_20.2028,0.0011082841887061076,1.0,0.3350068494257023,0.4,0.27110141724832176,0.6,0.23662530608677698,0.6666666666666666,3
360_unknown_12.3767,0.0015099587457569408,1.0,0.38283732376340157,0.4,0.20009627833215302,0.6,0.2248330902779386,0.6666666666666666,3
531_Amberonne (isomer 3)_17.7068,0.0011862462228276224,1.0,0.574963578632164,0.4,0.1265839268194142,0.6,0.22338104048082316,0.6666666666666666,3
"394_Cyclohexene, 4-methyl-1-(1-methylethyl)-_13.3461",0.002469458104633008,1.0,0.32989122762430706,0.4,0.15629599443196485,0.6,0.21947782286797332,0.6666666666666666,3
447_Heneicosane_14.9824,0.0018263448640242004,1.0,0.3978783869378691,0.4,0.1613617492943564,0.6,0.2187109959856004,0.6666666666666666,3
36_1.2-diacetylhydrazine_5.5048,0.0012990332944807011,1.0,0.36516550486903765,0.4,0.20667719788186378,0.6,0.21798586756605834,0.6666666666666666,3
61_Butanal_6.273,0.0027235195699706074,1.0,0.2625106969598761,0.4,0.16771399336243067,0.6,0.2171324935434188,0.6666666666666666,3
7_2-Aminoethyl hydrogen sulfate_4.5467,0.0010735888061508755,1.0,0.403344612331068,0.4,0.20018022403103938,0.6,0.21696768471428793,0.6666666666666666,3
205_Benz(a)anthracene-7-carbonitrile_9.0677,0.0019556992773910363,1.0,0.36847165249904656,0.4,0.15853046514369498,0.6,0.21447369158759177,0.6666666666666666,3
426_Heneicosane_14.1495,0.004605105632411495,1.0,0.17347625662042737,0.4,0.0900076286881382,0.6,0.21386505240315914,0.6666666666666666,3
"105_Furan, 2-methyl-_7.1676",0.0024632752350914476,1.0,0.3420597997645041,0.4,0.13707514997177592,0.6,0.2128198306897557,0.6666666666666666,3
412_unknown_13.8129,0.0035883344201558904,1.0,0.20011240076770864,0.4,0.12362310712716919,0.6,0.2068090619288466,0.6666666666666666,3
"119_2-Butenoic acid, methyl ester, (E)-_7.3504",0.002317224225002684,1.0,0.3882855606286568,0.4,0.10859959218306857,0.6,0.20535068641760756,0.6666666666666666,3
"499_Nonane, 2,2,4,4,6,8,8-heptamethyl-_16.5161",0.0033567337682083786,1.0,0.2686100182981491,0.4,0.09567550856482461,0.6,0.20213066565449658,0.6666666666666666,3
612_unknown_21.7257,0.0010633386418620622,1.0,0.40165852113243017,0.4,0.17020531493534993,0.6,0.20193926777736584,0.6666666666666666,3
461_Tricosane_15.3441,0.0027849417994654834,1.0,0.29269332922690716,0.4,0.11521663383032395,0.6,0.20050686933898945,0.6666666666666666,3
516_unknown_17.0756,0.0009383796826043494,1.0,0.1827563043303175,0.6,0.2690892319651523,0.4,0.196695702965585,0.6666666666666666,3
489_unknown_16.1033,0.001768054183652688,1.0,0.17389288685539853,0.6,0.22292892106524032,0.4,0.19636471707896316,0.6666666666666666,3
65_unknown_6.3205,0.0012635896641003696,1.0,0.33882129530147526,0.4,0.17311786973539642,0.6,0.19499636089185,0.6666666666666666,3
116_unknown_7.33,0.002661034156208223,1.0,0.2332975090748846,0.4,0.13357601555601137,0.6,0.19244873022714126,0.6666666666666666,3
"62_Cyclobutanol, 3-ethyl-, acetate_6.2793",0.0012659717461108331,1.0,0.33793912738749243,0.4,0.1629252875212379,0.6,0.18998503059218294,0.6666666666666666,3
534_Nonacosane_17.8899,0.0021383442417595992,1.0,0.26158869571745796,0.4,0.13933359892825076,0.6,0.18657180295723216,0.6666666666666666,3
97_unknown_7.0269,0.002465689508233751,1.0,0.21289886910336792,0.4,0.14245292398895146,0.6,0.18653677213155043,0.6666666666666666,3
346_unknown_12.0612,0.0027486215606795494,1.0,0.19289006618229082,0.4,0.13137615451269177,0.6,0.18485374511017835,0.6666666666666666,3
680_Heneicosane_26.9008,0.001836032290907123,1.0,0.2583206834235181,0.4,0.15080501072767322,0.6,0.1826754889445857,0.6666666666666666,3
509_Diethyl Phthalate_16.8352,0.0010149643156873362,1.0,0.3072789650269957,0.4,0.16266880980144016,0.6,0.17580585225368647,0.6666666666666666,3
539_Nonacosane_18.2273,0.0011534452312321217,1.0,0.4219643925756996,0.4,0.0850967192263747,0.6,0.16830321172328502,0.6666666666666666,3
432_Tetracosane_14.3884,0.0023582074327863876,1.0,0.22248816358496193,0.4,0.1018087587079982,0.6,0.1661384569568062,0.6666666666666666,3
"73_Benzene, 1,2-difluoro-4-(trifluoromethyl)-_6.515",0.0013086589841573664,1.0,0.23317815678510145,0.4,0.15901394634687208,0.6,0.16587106654940986,0.6666666666666666,3
"121_Acetic acid, hydroxy-, ethyl ester_7.3845",0.0014443522704730032,1.0,0.2800328716672029,0.4,0.12624749232697344,0.6,0.16455734526155452,0.6666666666666666,3
464_Dimethyl phthalate_15.4482,0.0014746105843091895,1.0,0.2830455169615357,0.4,0.12147828580983573,0.6,0.16381442417131897,0.6666666666666666,3
616_unknown_22.2114,0.0013362256644679322,1.0,0.23247434933019806,0.4,0.15331864033680845,0.6,0.16377510409031668,0.6666666666666666,3
76_unknown_6.5482,0.001128940850569388,1.0,0.17416349500546324,0.6,0.18814790742321433,0.4,0.16146050005093426,0.6666666666666666,3
128_unknown_7.4653,0.0025140191153542315,1.0,0.17380816427925722,0.4,0.10438769898610424,0.6,0.16093369318998477,0.6666666666666666,3
403_unknown_13.6104,0.0017780465014525456,1.0,0.2566511618677002,0.4,0.10483696182125485,0.6,0.15862323278749824,0.6666666666666666,3
195_unknown_8.8802,0.0007311769140947985,1.0,0.27088349134610823,0.4,0.15244473728856947,0.6,0.1546290343881824,0.6666666666666666,3
84_Carbon Tetrachloride_6.734,0.0019883319112634626,1.0,0.14706505846227713,0.4,0.1337473255772225,0.6,0.1539497125288771,0.6666666666666666,3
385_Tetracosane_12.923,0.0015174906197341243,1.0,0.29509869295513697,0.6,0.08819686361351514,0.4,0.15180120867398048,0.6666666666666666,3
208_unknown_9.1076,0.00210856633143527,1.0,0.1771447131377601,0.4,0.10652243812136368,0.6,0.1510903898364245,0.6666666666666666,3
"106_Sulfide, allyl methyl_7.1836",0.0018271647371847781,1.0,0.18670372899998267,0.4,0.1047232023854278,0.6,0.144309556302905,0.6666666666666666,3
510_unknown_16.8751,0.0022138088052176047,1.0,0.13433229986924064,0.4,0.10408924079295061,0.6,0.14335068484795768,0.6666666666666666,3
222_?-Phellandrene_9.3984,0.0009129658437797804,1.0,0.2500662617487378,0.4,0.1253995002294599,0.6,0.142219502396401,0.6666666666666666,3
467_unknown_15.5339,0.0011775928354157456,1.0,0.17024580114517363,0.4,0.14057712629207317,0.6,0.13919139985627513,0.6666666666666666,3
17_unknown_4.795,0.0012504126227879694,1.0,0.3182407438701871,0.4,0.06645153240589598,0.6,0.1389191531601258,0.6666666666666666,3
431_Isobornyl thiocyanoacetate_14.3796,0.001805358370505075,1.0,0.2131456769513993,0.4,0.080286720596099,0.6,0.13790270970414129,0.6666666666666666,3
611_Heneicosane_21.7196,0.0012799857120663807,1.0,0.16244804982943378,0.4,0.12877225274914414,0.6,0.13472348092774503,0.6666666666666666,3
600_Nonacosane_20.8638,0.001184228808673139,1.0,0.16342860916524504,0.4,0.1291708552230687,0.6,0.13239132488844585,0.6666666666666666,3
59_unknown_6.2456,0.000950665488176488,1.0,0.28937580348664854,0.4,0.07967997860707349,0.6,0.13020496082469343,0.6666666666666666,3
78_unknown_6.5925,0.00170398854394589,1.0,0.13057699560348385,0.4,0.1044684314938253,0.6,0.1280888487650609,0.6666666666666666,3
341_unknown_11.9359,0.0016158663196900514,1.0,0.10666198656693898,0.4,0.11409338308294197,0.6,0.12481871568445324,0.6666666666666666,3
580_Pentacosane_19.8887,0.0022235593092124178,1.0,0.20628927810418746,0.4,0.027136609300073087,0.6,0.12288778283304712,0.6666666666666666,3
180_unknown_8.5696,0.001772512110429298,1.0,0.0789587588452095,0.4,0.11317147079799274,0.6,0.122659168686813,0.6666666666666666,3
42_2-Propenenitrile_5.7633,0.00170624634273689,1.0,0.041526442561781944,0.6,0.13231345798545313,0.4,0.1215460089301071,0.6666666666666666,3
"480_2,4-Di-tert-butylphenol_15.8944",0.0012680854212404836,1.0,0.11118003199182565,0.6,0.12575798370587266,0.4,0.12145643636319796,0.6666666666666666,3
615_Nonacosane_22.1616,0.0015026232879331533,1.0,0.1912801547506202,0.6,0.07199686348047346,0.4,0.12036388281346266,0.6666666666666666,3
687_Heneicosane_27.3671,0.0010738754701295433,1.0,0.2271071810190694,0.4,0.07952728754062506,0.6,0.11971460382879355,0.6666666666666666,3
"271_Octane, 3,3-dimethyl-_10.2446",0.0010695465684401402,1.0,0.31209654180547775,0.4,0.038760482728585996,0.6,0.11909934832753198,0.6666666666666666,3
89_Silver acetate_6.8678,0.00196319262423796,1.0,0.1926486143450097,0.6,0.03933135446968755,0.4,0.11821618183932077,0.6666666666666666,3
321_unknown_11.3688,0.0020508768035377113,1.0,0.16057178721827223,0.4,0.04649326541299519,0.6,0.11697381074058961,0.6666666666666666,3
553_unknown_18.7248,0.0014619637787413294,1.0,0.1452023511268612,0.4,0.08829685195110022,0.6,0.11668658061541404,0.6666666666666666,3
590_Isopropyl palmitate_20.3423,0.0011041781925679828,1.0,0.11510660992595217,0.4,0.12225759176968165,0.6,0.1159646032348894,0.6666666666666666,3
515_unknown_17.0292,0.0012163535409119655,1.0,0.18862767653353468,0.4,0.07187154701493668,0.6,0.11151038412302598,0.6666666666666666,3
"175_2,4-Dimethyl-1-heptene_8.4716",0.0014091334409620856,1.0,0.16662834904523685,0.4,0.06226144733324964,0.6,0.1075018797547888,0.6666666666666666,3
625_Tetracosane_22.935,0.0013681051082519726,1.0,0.14335550369013292,0.4,0.06692346226362865,0.6,0.10334732836298964,0.6666666666666666,3
113_2-Pentanone_7.2702,0.001075955253190073,1.0,0.13180642618284405,0.4,0.08729161621064387,0.6,0.10214868577644713,0.6666666666666666,3
506_Diphenyl sulfide_16.7385,0.0007090008665585655,1.0,0.1272951607659869,0.4,0.10715472398094827,0.6,0.10014182144020752,0.6666666666666666,3
53_Methacrolein_6.0396,0.002447164792677041,1.0,0.04840773236336526,0.4,0.03892879873450448,0.6,0.09957994786545482,0.6666666666666666,3
551_Tetradecanal_18.6807,0.001470423730092446,1.0,0.08005936275404292,0.4,0.07429036294441749,0.6,0.0956301519864321,0.6666666666666666,3
468_unknown_15.5584,0.0005284781757960459,1.0,0.2006682665389532,0.4,0.06325203043913319,0.6,0.09037629584039393,0.6666666666666666,3
161_Tetrachloroethylene_8.2418,0.0007706293064640164,1.0,0.14035020682951743,0.4,0.07329038003133974,0.6,0.08861078537858479,0.6666666666666666,3
260_unknown_10.0929,0.0005559504675476175,1.0,0.2568965242406251,0.4,0.02832327424088762,0.6,0.08702657948114578,0.6666666666666666,3
"46_Heptane, 2,2,4,6,6-pentamethyl-_5.8785",0.0011421286769976921,1.0,0.13292291071108947,0.4,0.04726907205106826,0.6,0.0851243457288136,0.6666666666666666,3
455_1-Dodecanol_15.2059,0.0007267518998745043,1.0,0.14807119944570185,0.4,0.048242471059993,0.6,0.07708600706168085,0.6666666666666666,3
261_unknown_10.0973,0.001208790055992997,1.0,0.0650687632094944,0.4,0.04032263278161911,0.6,0.06850929964101408,0.6666666666666666,3
88_Isopropyl acetate_6.847,0.0011561378705071204,1.0,0.0521663576966437,0.4,0.04125276158364069,0.6,0.06455699458876363,0.6666666666666666,3
518_2-Undecanone_17.1409,0.0013524127705388266,1.0,0.04149533527539159,0.4,0.021591712565943194,0.6,0.05837164009602428,0.6666666666666666,3
283_D-Limonene_10.4873,0.0005952756996553804,1.0,0.06614728568211964,0.4,0.03344848863113869,0.6,0.04788590258453044,0.6666666666666666,3
Group,0.0023511144088863034,1.0,0.6408238860459776,0.4,0.4600443294846731,0.4,0.4312149267548153,0.6,3
427_unknown_14.2142,0.00774864110910548,1.0,0.22507237384376616,0.4,0.12311828782148346,0.4,0.3313179692696725,0.6,3
"324_Benzenemethanol, ?,?-dimethyl-_11.5416",0.005727317104766546,1.0,0.22821287199321927,0.4,0.21000422888919545,0.4,0.31574221636836036,0.6,3
592_unknown_20.3691,0.0011867446544489096,1.0,0.4418698468986092,0.4,0.2649175918689328,0.4,0.2598446778287535,0.6,3
170_unknown_8.3833,0.0033264619835772086,1.0,0.23195690984004352,0.4,0.22762962967005346,0.4,0.2562570338300682,0.6,3
552_Ambrox_18.6948,0.0014984730706254618,1.0,0.4956596006620913,0.4,0.21277834706738277,0.4,0.25584716697833826,0.6,3
597_Tetracosane_20.7726,0.0018694578482626525,1.0,0.4258632437590506,0.4,0.20054396205498115,0.4,0.24498083854665528,0.6,3
605_unknown_21.2997,0.004106833155099643,1.0,0.1825598145887572,0.4,0.16572092942944827,0.4,0.23789254400078322,0.6,3
610_unknown_21.6762,0.003796063725886683,1.0,0.19560667938697957,0.4,0.16856587107376003,0.4,0.23327615922073086,0.6,3
503_Tridecanal_16.6414,0.001076334739683453,1.0,0.3305044593366401,0.4,0.2657403450270583,0.4,0.2321339943232044,0.6,3
519_Tributyl phosphate_17.1643,0.005317696040657982,1.0,0.12221645798504702,0.4,0.10948650559153258,0.4,0.23212450409045213,0.6,3
429_Indole_14.2589,0.0038076540066936185,1.0,0.22590435606563825,0.4,0.14256668731607078,0.4,0.22794093662222617,0.6,3
448_unknown_14.9969,0.00168301440230079,1.0,0.26236117836935013,0.4,0.2190104415961397,0.4,0.21186627847452355,0.6,3
488_unknown_16.0666,0.0015588493946491317,1.0,0.26247709847523754,0.4,0.21499727334426016,0.4,0.2064136760449247,0.6,3
"58_Furan, 2-methyl-_6.1978",0.0021324122216118775,1.0,0.24808954716662446,0.4,0.1827246967502964,0.4,0.20416170933886182,0.6,3
339_1-Decene_11.9036,0.0008025529414487115,1.0,0.3277821268644485,0.4,0.22155658781494866,0.4,0.20251969222621025,0.6,3
"472_Benzene, (1-propylheptyl)-_15.7133",0.004613302487072952,1.0,0.18265633902774026,0.4,0.05978040512534387,0.4,0.2016778312621356,0.6,3
"405_Tridecane, 2-methyl-_13.6551",0.002054631895767512,1.0,0.1882774638713001,0.4,0.2082241835218914,0.4,0.200751452923183,0.6,3
99_unknown_7.0668,0.001204872489631882,1.0,0.3604049625669691,0.4,0.17375230622722343,0.4,0.1984525173541721,0.6,3
"77_Oxirane, 2-ethyl-2-methyl-_6.582",0.0018816016724565014,1.0,0.38222172420923667,0.4,0.12065648562407216,0.4,0.197290312899464,0.6,3
"147_1-Butanol, 3-methyl-, formate_7.8265",0.001958977849649007,1.0,0.26516059873449227,0.4,0.16997832389083423,0.4,0.1969123668653188,0.6,3
"43_L-Cysteine, 3TBDMS derivative_5.8015",0.0025935248620895393,1.0,0.21188729667544698,0.4,0.15362254732541722,0.4,0.19532165807884228,0.6,3
436_Heneicosane_14.5341,0.004906998862748176,1.0,0.13304105025222035,0.4,0.04743527434236302,0.4,0.19306467669150465,0.6,3
87_Benzene_6.8379,0.0025008508097669893,1.0,0.1724258252433785,0.4,0.1728902588387275,0.4,0.19305785742109038,0.6,3
"56_Oxirane, 2-ethyl-2-methyl-_6.1468",0.001230416467413255,1.0,0.2666497710610178,0.4,0.19822264898463432,0.4,0.1899065679333611,0.6,3
23_Trichloromonofluoromethane_4.9699,0.0022173571053385093,1.0,0.26736541359347554,0.4,0.13825386259208727,0.4,0.18961154654269408,0.6,3
329_unknown_11.6658,0.001290549538911811,1.0,0.2540795585378136,0.4,0.1972169908014095,0.4,0.1883318932972621,0.6,3
258_unknown_10.073,0.0043199615373069305,1.0,0.1631652979422701,0.4,0.057841873345972544,0.4,0.18798200173068988,0.6,3
623_Tetracosane_22.8577,0.002006078511139273,1.0,0.2685948883928646,0.4,0.1371934771890887,0.4,0.18332752432908486,0.6,3
522_unknown_17.345,0.0030164477294872486,1.0,0.22141200064210456,0.2,0.09745224941569934,0.6,0.1826642436994258,0.6,3
477_unknown_15.8406,0.0016065952329221895,1.0,0.3191521297093342,0.4,0.13457371467232257,0.4,0.18195388194854137,0.6,3
451_Tetracosane_15.0694,0.0035297163415714803,1.0,0.13728134541045234,0.4,0.10429959891447096,0.4,0.18180245694166505,0.6,3
24_1-Hepten-3-one_4.9756,0.002326635576202505,1.0,0.20987788683708383,0.4,0.1396577613643912,0.4,0.18053854226117313,0.6,3
100_unknown_7.0853,0.001761322120926828,1.0,0.226897404102389,0.4,0.15412100372477094,0.4,0.17508606231845414,0.6,3
"594_9-Octadecen-1-ol, (Z)-_20.563",0.0016678399442532292,1.0,0.12891658285506888,0.4,0.20096194741355664,0.4,0.17289946229261235,0.6,3
536_unknown_17.9809,0.0018362462281587264,1.0,0.2087034213389922,0.4,0.1477902158236613,0.4,0.17012488879750653,0.6,3
"112_Ethane, 1-bromo-2-methoxy-_7.2639",0.0011480384851992563,1.0,0.27278596187557747,0.4,0.15675639163119887,0.4,0.16906014171182537,0.6,3
633_Nonacosane_23.5655,0.0021975312856855776,1.0,0.12366811798096514,0.4,0.15826818693116626,0.4,0.16644631446040997,0.6,3
103_1-Butanol_7.1205,0.0016834057068083716,1.0,0.24397084998531912,0.4,0.13199151274055887,0.4,0.16607883489421824,0.6,3
227_unknown_9.5043,0.0021800375655995612,1.0,0.19090434680375717,0.4,0.119455106014003,0.4,0.1624136237997248,0.6,3
230_Cyclohexanone_9.5512,0.0016431170361662947,1.0,0.20045510245349057,0.4,0.1429764081805065,0.4,0.16044018446953182,0.6,3
688_Nonacosane_27.5236,0.00107867374784129,1.0,0.26160729163865504,0.4,0.14735859758022238,0.4,0.1600684099781556,0.6,3
"523_?-D-Ribofuranose, 1-acetate 2,3,5-tribenzoate_17.3696",0.002051486460469654,1.0,0.273325347537983,0.4,0.07829192599749094,0.4,0.1574752818644872,0.6,3
"263_Propanoic acid, 2-methyl-, 3-phenylpropyl ester_10.124",0.001034568507542957,1.0,0.26814744138663293,0.4,0.13586521580633684,0.4,0.15476489805326119,0.6,3
"34_2-Propanol, 1-bromo-_5.372",0.001610157702299285,1.0,0.13129557925466295,0.4,0.16444938784062055,0.4,0.15429157432809812,0.6,3
199_unknown_8.9543,0.0016563747409957144,1.0,0.24860476221201216,0.4,0.10547799449048911,0.4,0.15364317786889747,0.6,3
108_unknown_7.2144,0.0011701724936671286,1.0,0.2466287613439568,0.4,0.134986440108058,0.4,0.15340847409207126,0.6,3
438_unknown_14.5892,0.0005865043274038387,1.0,0.18550266726752784,0.4,0.19569584666264656,0.4,0.15207879684273432,0.6,3
333_Hexadecane_11.7664,0.0021547431717664142,1.0,0.19019506018623084,0.4,0.09916348122087418,0.4,0.15181112034678404,0.6,3
296_1-Heptadecene_10.8494,0.0038622659968505597,1.0,0.10715338472804845,0.2,0.03548463471222093,0.6,0.15161912738277886,0.6,3
549_Benzyl Benzoate_18.6158,0.0009885288825712242,1.0,0.25239079576967904,0.4,0.13788183022504302,0.4,0.1508831288523843,0.6,3
176_unknown_8.4826,0.0018110492110931888,1.0,0.2086437918700011,0.4,0.10118901078122366,0.4,0.1470690764956828,0.6,3
189_Acetamide_8.7866,0.002544457166806936,1.0,0.1067809450242608,0.4,0.10442742826212706,0.4,0.1468125285244756,0.6,3
41_unknown_5.6843,0.0015769537628563205,1.0,0.15370553553295674,0.4,0.13983558315735306,0.4,0.14657030240319466,0.6,3
118_3-Pentanone_7.3425,0.0017972691931390978,1.0,0.261498169901007,0.4,0.07373717271309672,0.4,0.14536340651729102,0.6,3
555_2-Ethylhexyl salicylate_18.8156,0.000812329088974734,1.0,0.23999856566173458,0.4,0.14218634280162068,0.4,0.1451226501834422,0.6,3
51_n-Hexane_6.0032,0.0021610007196251526,1.0,0.2052338296173992,0.2,0.06604179221876687,0.6,0.13949414313901579,0.6,3
420_unknown_13.9973,0.0027785542867299817,1.0,0.1563666645158873,0.4,0.04885542353845425,0.4,0.13800570965558034,0.6,3
529_Amberonne (isomer 2)_17.5805,0.0010357354270406451,1.0,0.24813371908016124,0.4,0.10978372430939394,0.4,0.13782351902725623,0.6,3
198_5-Methyl-1H-pyrrol-2-amine_8.9329,0.0026070324115110995,1.0,0.24017370382043474,0.4,0.018994880013501386,0.4,0.13756068590731516,0.6,3
422_unknown_14.0475,0.002734694678965219,1.0,0.15624521879419379,0.4,0.04671831133855144,0.4,0.1356986519240786,0.6,3
207_4-Heptanone_9.0961,0.0006463325204321104,1.0,0.21190387787747084,0.4,0.13844321952618416,0.4,0.1322829464992008,0.6,3
"348_Undecane, 2,6-dimethyl-_12.136",0.001380375911682514,1.0,0.12020019615543082,0.4,0.1365534999616966,0.4,0.13186369155635239,0.6,3
"125_1-Propene, 1-(methylthio)-, (Z)-_7.4206",0.0010485168290498444,1.0,0.24145164172322092,0.4,0.09686251778499914,0.4,0.13050410982122243,0.6,3
"212_4,4-Dimethyl octane_9.1881",0.0005517336765981556,1.0,0.14578548588425305,0.4,0.17123016714131262,0.4,0.1304690568943738,0.6,3
"110_Furan, 2,5-dimethyl-_7.217",0.001405132601126869,1.0,0.18600266185495118,0.4,0.09949308925677196,0.4,0.1295595116516147,0.6,3
85_Acetic acid_6.7633,0.0010381396982505444,1.0,0.151593911912507,0.4,0.13610863605626222,0.4,0.1288794198361822,0.6,3
437_1-Tetradecene_14.5687,0.0004425320985817664,1.0,0.15267484286704303,0.4,0.16960749132908454,0.4,0.1281070624644405,0.6,3
"8_Propane, 1-chloro-2-methyl-_4.5667",0.0018278845481581752,1.0,0.03377080237876175,0.4,0.13588337128056255,0.4,0.12500287145930802,0.6,3
102_unknown_7.1154,0.0014590545970333563,1.0,0.15604805048386222,0.4,0.09816471460841364,0.4,0.12375880185711935,0.6,3
136_Pyrrolidine_7.6227,0.002820958457069376,1.0,0.03767493034672422,0.4,0.06874651784830664,0.4,0.12216432529033394,0.6,3
55_unknown_6.1147,0.001798989738090065,1.0,0.1916115600330397,0.4,0.054775088368112276,0.4,0.12067792238548501,0.6,3
"81_Hexane, 2-methyl-_6.6543",0.0016189775125938222,1.0,0.16807926982440075,0.4,0.07636120045249699,0.4,0.12059065522239526,0.6,3
323_unknown_11.4871,0.0015170180523745558,1.0,0.08480666068906187,0.4,0.11617560681028545,0.4,0.11808990027822541,0.6,3
305_unknown_11.0045,0.001328759322796207,1.0,0.18143627553567176,0.4,0.0817735175832625,0.4,0.11786207130890695,0.6,3
"439_Pentadecane, 2,6,10,14-tetramethyl-_14.6279",0.0017596503549275164,1.0,0.09026836921735278,0.4,0.09819536388343734,0.4,0.11765061596099319,0.6,3
"440_1-Pentanol, 2,2-dimethyl-_14.6574",0.0005020794905698587,1.0,0.14723669579837276,0.4,0.1461275471998707,0.4,0.11734837776558509,0.6,3
16_unknown_4.7914,0.001614875195770948,1.0,0.18891424520311698,0.4,0.05647687659179597,0.4,0.11561546957236574,0.6,3
582_unknown_19.9634,0.0009319340244436156,1.0,0.09892696441114116,0.4,0.13871660628003804,0.4,0.11529084806833245,0.6,3
416_unknown_13.9028,0.0015466907960446172,1.0,0.14176860234548794,0.4,0.07363001836439954,0.4,0.11131926864516739,0.6,3
31_Isobutylamine_5.2088,0.0016366088665318718,1.0,0.1312405583452393,0.4,0.06692259310750018,0.4,0.1083240874678983,0.6,3
433_unknown_14.4312,0.0011141265600716481,1.0,0.12149203133455477,0.4,0.1022709071208247,0.4,0.10810658270885325,0.6,3
307_unknown_11.0672,0.0009258340536663955,1.0,0.17672906358934698,0.4,0.08131982317066762,0.4,0.10504981797739997,0.6,3
"362_Ethyl 2-benzamido-3,3,3-trifluoro-2-(3-fluoroanilino)propionate_12.3995",0.0014354773204463707,1.0,0.1271462143734542,0.2,0.07370921383705115,0.6,0.10489684059302191,0.6,3
"40_Oxetane, 2,2,3-trimethyl-_5.668",0.0017404675706889923,1.0,0.08043685497022232,0.4,0.07716039488673335,0.4,0.10482402558102837,0.6,3
"563_Cyclopenta[g]-2-benzopyran, 1,3,4,6,7,8-hexahydro-4,6,6,7,8,8-hexamethyl-_19.2126",0.0006096451437143683,1.0,0.13672657263596072,0.4,0.11659820047817575,0.4,0.10393157282135153,0.6,3
545_Isopropyl myristate_18.4897,0.0015754866058108699,1.0,0.13098524529919786,0.4,0.06149605674706508,0.4,0.103917058665065,0.6,3
"533_Benzene, (1-propylnonyl)-_17.7297",0.0014878896775057198,1.0,0.1552508495036426,0.4,0.05412606959102821,0.4,0.10331279534539912,0.6,3
"157_2-Methyl-3-phenyl-pyrrolo(2,3-b)pyrazine_8.1364",0.0018619812120650955,1.0,0.09267394300217782,0.4,0.060073736645684106,0.4,0.10286111060862796,0.6,3
232_unknown_9.5699,0.0014796175963397683,1.0,0.09364628468078412,0.4,0.08121397079754862,0.4,0.10225275881452085,0.6,3
454_unknown_15.1673,0.0013079358654336268,1.0,0.158323920608291,0.4,0.06039782276428976,0.4,0.10185079536208615,0.6,3
570_unknown_19.4887,0.0011720002577151746,1.0,0.06647089584688266,0.4,0.10897793296137419,0.4,0.10065368519683855,0.6,3
401_Undecanal_13.5356,0.0010760791112729164,1.0,0.16916828314893367,0.4,0.06566532890819363,0.4,0.10016169849736493,0.6,3
"561_1H-Pyrazole, 3,5-diphenyl-_19.1123",0.0012005382428761815,1.0,0.09236313811206284,0.4,0.08901488567004258,0.4,0.09770835412727415,0.6,3
287_Undecane_10.5885,0.0007042347969968153,1.0,0.17436896754081593,0.4,0.07640037329292967,0.4,0.09581784608714405,0.6,3
"214_2-Propenoic acid, butyl ester_9.2207",0.0006348395031181839,1.0,0.08997385632531751,0.4,0.11959549285051681,0.4,0.09561766911095652,0.6,3
662_Nonacosane_25.4963,0.00172753350220736,1.0,0.14718415497171172,0.4,0.026930963835841686,0.4,0.09534429553056001,0.6,3
"500_Methane, bis(neopentyloxy)-_16.5496",0.0013408809186540368,1.0,0.12859243165632261,0.4,0.04572610103066872,0.4,0.08910811739346558,0.6,3
556_9H-Fluoren-9-one_18.8333,0.0016906304937679948,1.0,0.11066605172015415,0.4,0.031876319796590495,0.4,0.08847709071156042,0.6,3
304_Undecane_11.0005,0.0011949188511523841,1.0,0.15999116688209378,0.4,0.03699369004557559,0.4,0.08777718012081091,0.6,3
672_Heneicosane_26.4795,0.002177680536802764,1.0,0.05653311893994718,0.4,0.026247303109933527,0.4,0.08760704728073854,0.6,3
306_Undecane_11.0304,0.0007096270967471766,1.0,0.17073865936761445,0.4,0.06040363227350171,0.4,0.08749719710635334,0.6,3
234_unknown_9.5878,0.000947516339148308,1.0,0.09909396596918885,0.4,0.07785490991605393,0.4,0.08662340251200962,0.6,3
"135_1-Propene, 1-(methylthio)-, (E)-_7.5692",0.0014696865834818227,1.0,0.08662649567190284,0.4,0.05062351861381588,0.4,0.08574407201430916,0.6,3
133_unknown_7.5445,0.0011772922535133496,1.0,0.12138674078100432,0.4,0.051325822601916045,0.4,0.085490843854646,0.6,3
"71_Carbonic acid, dimethyl ester_6.4754",0.001857442875401576,1.0,0.09822726453217182,0.4,0.02063857880482808,0.4,0.08508648415055947,0.6,3
"132_N-Chloro-2-methylaziridine, 1,2-cis_7.524",0.0008217193343791317,1.0,0.14062559158304988,0.4,0.05992320641226168,0.4,0.0837332685511022,0.6,3
604_Heneicosane_21.1836,0.0011806553624608717,1.0,0.039205439617080395,0.4,0.08138571001353441,0.4,0.08157902128989504,0.6,3
144_unknown_7.7698,0.0010185699137842696,1.0,0.2199210267397244,0.4,0.006099404351488569,0.4,0.08135101928403991,0.6,3
169_Hexanal_8.379,0.001160607301362204,1.0,0.12042477354790523,0.4,0.04346305490003856,0.4,0.08103143890439889,0.6,3
457_Tetracosane_15.2511,0.0018463866029638787,1.0,0.0797876586695612,0.4,0.018291148058182195,0.4,0.07951555310155081,0.6,3
"482_Decane, 1-iodo-_15.9297",0.000928482727770627,1.0,0.07803494248960899,0.4,0.07023856445506002,0.4,0.07771364247468243,0.6,3
142_unknown_7.7397,0.000602284172660584,1.0,0.10942991909587406,0.4,0.07456125892705519,0.4,0.0774725431689449,0.6,3
"415_Naphthalene, 1-methyl-_13.8824",0.0012684298772499408,1.0,0.10322444287535122,0.4,0.037088771384992385,0.4,0.07721426460556337,0.6,3
"154_Furan, 2-propyl-_8.0635",0.0011958791465364427,1.0,0.07368667708311569,0.4,0.05188701641955813,0.4,0.07560868381611809,0.6,3
383_Tetracosane_12.8808,0.0005027789927014985,1.0,0.14639389323202748,0.4,0.053457798808658016,0.4,0.07279326560837164,0.6,3
303_unknown_10.9986,0.0012630377546596126,1.0,0.0871767081043645,0.4,0.033072334985916774,0.4,0.07154186191761501,0.6,3
148_Pyridine_7.832,0.0010570241062757449,1.0,0.06387273567102733,0.4,0.054738366924155686,0.4,0.07079927169292827,0.6,3
255_Undecane_10.0037,0.0002699753429622709,1.0,0.1440813838962425,0.4,0.062062463260382436,0.4,0.06972872997103376,0.6,3
"191_1-Butanol, 3-methoxy-_8.8413",0.0007176887299872129,1.0,0.07531139987826925,0.4,0.06574602760078153,0.4,0.06891423673150958,0.6,3
236_unknown_9.6286,0.0017933264336449709,1.0,0.06409193995678784,0.4,0.004229769991949742,0.4,0.06774540768164751,0.6,3
"578_Benzenesulfonamide, N-butyl-_19.7544",0.0007213721932414079,1.0,0.03128131493909395,0.4,0.08143738711779504,0.4,0.06667412379192925,0.6,3
475_unknown_15.7708,0.0007520704289888105,1.0,0.09135482051326788,0.4,0.048793180102572796,0.4,0.06537226061047861,0.6,3
376_unknown_12.7172,0.0010441273680091407,1.0,0.08278695994317285,0.4,0.024318126141428385,0.4,0.060095577196098676,0.6,3
254_Mesitylene_9.9687,0.0003918622954651685,1.0,0.1272294062080066,0.4,0.041426551559162,0.4,0.059561464014828314,0.6,3
184_unknown_8.6734,0.0005063285932761281,1.0,0.061405276550688684,0.4,0.06522533337648687,0.4,0.05949647479650947,0.6,3
96_unknown_7.0139,0.0009657779083312131,1.0,0.0828047811796451,0.4,0.027414260638169187,0.4,0.05933843307537201,0.6,3
90_unknown_6.9089,0.0017398198406836291,1.0,0.013739738657586174,0.4,0.012095726045863347,0.4,0.058703123617635654,0.6,3
527_2-Dodecanone_17.5096,0.0012081672204947455,1.0,0.043766837679391206,0.6,0.01604634446660853,0.2,0.05209278579902171,0.6,3
267_unknown_10.1927,0.0005866038855512248,1.0,0.1145806861209249,0.4,0.01845947586269126,0.4,0.05130574917047728,0.6,3
"101_2,3-Dioxabicyclo[2.2.1]heptane, 1-methyl-_7.0904",0.0007792702782681456,1.0,0.08707093648422898,0.4,0.015847290296252037,0.4,0.0494116487775288,0.6,3
270_Benzaldehyde_10.2343,0.0004973239873991398,1.0,0.09706046418118047,0.4,0.027504078237146533,0.4,0.04915671858537535,0.6,3
402_unknown_13.565,0.0005914850675259349,1.0,0.08972726240543605,0.4,0.024277940518943438,0.4,0.0486660573969258,0.6,3
313_Decane_11.169,0.0004801110261066552,1.0,0.04453935611470322,0.4,0.0011743984968133926,0.4,0.02428938219085444,0.6,3
"452_3-Dimethylamino-2,2-dimethyl-1-propanol_15.1321",0.004722355727892645,1.0,0.27977993818241964,0.4,0.2050114134977228,0.2,0.2961158721311981,0.5333333333333333,3
434_Biphenyl_14.489,0.009365705856515428,1.0,0.040029226590888346,0.4,0.014989315831403678,0.2,0.2843994581668382,0.5333333333333333,3
12_Butane_4.6943,0.0012006385226494744,1.0,0.1213708268505737,0.4,0.43854512648111865,0.2,0.271623888656562,0.5333333333333333,3
599_unknown_20.8196,0.0012287607015470754,1.0,0.0660802595256177,0.4,0.45595102810839383,0.2,0.2683829787741445,0.5333333333333333,3
"64_Furan, 2-methyl-_6.3115",0.0010132130150764212,1.0,0.1069885218646259,0.4,0.3504343957791281,0.2,0.22083168115071772,0.5333333333333333,3
520_Cyclododecane_17.2427,0.004861890163135976,1.0,0.13953857497998137,0.2,0.10000831647419262,0.4,0.21840901835065032,0.5333333333333333,3
343_unknown_11.9796,0.0037592514453544494,1.0,0.08034893162689163,0.4,0.19119200453855414,0.2,0.21724495744978908,0.5333333333333333,3
69_unknown_6.4285,0.0011558302745043282,1.0,0.1629935556596827,0.4,0.2826658033129746,0.2,0.20500055511093418,0.5333333333333333,3
68_unknown_6.3725,0.0013653572594013199,1.0,0.15050590744646355,0.4,0.25604086849282626,0.2,0.19545238311390156,0.5333333333333333,3
141_unknown_7.7268,0.001412674752667166,1.0,0.04704726247523206,0.4,0.29919765554414585,0.2,0.19430712271300596,0.5333333333333333,3
"435_1,2-Benzenedicarboxylic acid_14.5237",0.0010183483240340703,1.0,0.15057190821233107,0.4,0.2412824262349252,0.2,0.17845914880712058,0.5333333333333333,3
"291_1-Hexanol, 2-ethyl-_10.7399",0.0036881033439129978,1.0,0.10428647795135826,0.4,0.08044145310704082,0.2,0.16752176376601793,0.5333333333333333,3
483_unknown_15.9375,0.002087671324471339,1.0,0.10698679687029819,0.4,0.17453189795670068,0.2,0.16735347692691996,0.5333333333333333,3
"453_Nonane, 2,2,4,4,6,8,8-heptamethyl-_15.1441",0.002182963379196559,1.0,0.19383176387473133,0.4,0.1278261420638506,0.2,0.16716258312259313,0.5333333333333333,3
318_unknown_11.3126,0.0006313636155689746,1.0,0.10353825726975746,0.4,0.2474499718509099,0.2,0.159795066645713,0.5333333333333333,3
"347_Undecane, 4,4-dimethyl-_12.1099",0.0019137325578636837,1.0,0.07224635951669414,0.4,0.17573879743059623,0.2,0.15516878172901336,0.5333333333333333,3
262_unknown_10.103,0.0019374551299081472,1.0,0.12017672294850396,0.4,0.15148491121020322,0.2,0.1549661789691097,0.5333333333333333,3
334_5-Methyl-2-(2-methyl-2-tetrahydrofuryl)tetrahydrofuran_11.7993,0.0009829313543363884,1.0,0.09899048582116432,0.4,0.21738169752093545,0.2,0.15444427339479672,0.5333333333333333,3
98_unknown_7.0577,0.001930253193334711,1.0,0.21112045648948183,0.2,0.10563249043275184,0.4,0.15316635017204192,0.5333333333333333,3
29_1-Butanamine_5.0941,0.0031079392576218974,1.0,0.14321181161524987,0.4,0.05973927003906149,0.2,0.1497068295121148,0.5333333333333333,3
235_unknown_9.6043,0.0015559043347171092,1.0,0.18012248098313674,0.4,0.12759203477472997,0.2,0.14601963265777088,0.5333333333333333,3
"160_Heptane, 2,4-dimethyl-_8.2356",0.0020558317594481477,1.0,0.054699628970602376,0.4,0.15469842465610342,0.2,0.14523111033281924,0.5333333333333333,3
"384_Heptane, 2,4,6-trimethyl-_12.9201",0.0027176490903125473,1.0,0.15284109792381292,0.4,0.05340654860238631,0.2,0.13765150209854818,0.5333333333333333,3
173_unknown_8.4242,0.0036301025820169807,1.0,0.11077051151472021,0.2,0.01601478067641031,0.4,0.13645402298828263,0.5333333333333333,3
"127_Butanoic acid, methyl ester_7.447",0.0009935340409011424,1.0,0.30271373935915225,0.2,0.08060666652023372,0.4,0.13486395272015175,0.5333333333333333,3
358_unknown_12.3607,0.0019775093492288838,1.0,0.03492107505858842,0.4,0.1443221829960139,0.2,0.13358805424867784,0.5333333333333333,3
335_unknown_11.8142,0.001282228700990697,1.0,0.1345527844403951,0.4,0.13531984989449264,0.2,0.13167618312056958,0.5333333333333333,3
"316_5-Isopentyl-6-methyl-2-sulfanyl-4-pyrimidinol, 2 TMS derivative_11.2423",0.0014424261090301234,1.0,0.009004679497547486,0.2,0.18045256617216285,0.4,0.12976312285052846,0.5333333333333333,3
228_?-Pinene_9.5072,0.0008686525750746616,1.0,0.16139886889611807,0.2,0.14204368184602978,0.4,0.12906366766449015,0.5333333333333333,3
237_unknown_9.6543,0.0017421164416171913,1.0,0.101564928497495,0.4,0.11239556208409725,0.2,0.12648000631867154,0.5333333333333333,3
302_unknown_10.9395,0.001569599444168162,1.0,0.07021964049209721,0.4,0.12837476202891926,0.2,0.1221719869605807,0.5333333333333333,3
381_Arginine_12.8201,0.0016314667874405193,1.0,0.07004852610713656,0.4,0.11915763135568837,0.2,0.11949091659207807,0.5333333333333333,3
603_unknown_21.0764,0.001012201260977229,1.0,0.0991244797085386,0.4,0.14068140482419744,0.2,0.11857520483037699,0.5333333333333333,3
9_Aminomethanesulfonic acid_4.6187,0.0024581563661091564,1.0,0.16900593882747839,0.4,0.015938866714622607,0.2,0.11589343335889525,0.5333333333333333,3
284_Limonene_10.4901,0.0013621691969218671,1.0,0.10436035689665427,0.4,0.11137402194448941,0.2,0.11573426905606828,0.5333333333333333,3
564_1-Octadecanol_19.2423,0.0012809622356187698,1.0,0.05346364797972292,0.4,0.13716345097793398,0.2,0.11436150685278157,0.5333333333333333,3
259_unknown_10.0857,0.0012883786802876808,1.0,0.08784047645248744,0.4,0.11732734788645062,0.2,0.1127722935874314,0.5333333333333333,3
"137_Diaziridine, 1,2-dipropyl-_7.659",0.0011419340708813865,1.0,0.13923902036550118,0.4,0.10093643603633107,0.2,0.11223864725775372,0.5333333333333333,3
387_unknown_12.9808,0.0006057679593171593,1.0,0.17225991896529383,0.4,0.11164362523854562,0.2,0.10940577147396814,0.5333333333333333,3
463_Heneicosane_15.4296,0.0013959226593389332,1.0,0.1083849070735603,0.4,0.08931774350875313,0.2,0.10703803659763367,0.5333333333333333,3
"408_Phenol, 2-(1,1-dimethylethyl)-5-methyl-_13.7624",0.0008741868436098219,1.0,0.19289963943041577,0.2,0.07762983462168542,0.4,0.10542482373715172,0.5333333333333333,3
443_unknown_14.9099,0.0017626764324520545,1.0,0.17736785744374667,0.4,0.030223663760121075,0.2,0.104688192818849,0.5333333333333333,3
219_unknown_9.3139,0.001909077067237618,1.0,0.031580728249768625,0.4,0.08853562678786354,0.2,0.10415956629615462,0.5333333333333333,3
621_unknown_22.6822,0.0018219266602677495,1.0,0.011712569286837327,0.4,0.1015137724698102,0.2,0.10342972875776119,0.5333333333333333,3
591_Tetracosane_20.3551,0.0024700468267592856,1.0,0.06143614624303947,0.4,0.03938361698457237,0.2,0.10337114486067207,0.5333333333333333,3
83_Cyclohexane_6.6951,0.0015633066945002726,1.0,0.11262177447987136,0.2,0.05648356839432363,0.4,0.09705450307701641,0.5333333333333333,3
466_unknown_15.5239,0.002009056608157397,1.0,0.13425068053225792,0.2,0.01678065961860254,0.4,0.09564931877833016,0.5333333333333333,3
404_unknown_13.6417,0.0020998375128436714,1.0,0.0861238789081455,0.4,0.030400757322810865,0.2,0.09399425342827544,0.5333333333333333,3
669_Nonacosane_26.2294,0.0014707915380936052,1.0,0.05741172621743992,0.4,0.07173127660952817,0.2,0.08934258686201278,0.5333333333333333,3
166_unknown_8.3289,0.001348549177148299,1.0,0.09878324348365822,0.4,0.05669269743724229,0.2,0.08790413742945663,0.5333333333333333,3
667_Tetracosane_26.0622,0.0009590978040089725,1.0,0.05990058592870649,0.4,0.09814466092607056,0.2,0.08789528630192371,0.5333333333333333,3
584_unknown_20.0148,0.0023768162380414766,1.0,0.03906339447599642,0.4,0.02094715817602625,0.2,0.08685943268469236,0.5333333333333333,3
206_2-n-Butyl furan_9.0872,0.00112007648319806,1.0,0.05053506104684364,0.4,0.08977006886009437,0.2,0.0863972779179496,0.5333333333333333,3
692_Nonacosane_27.9227,0.0020098357712107166,1.0,0.05134905666069536,0.4,0.03051775185319369,0.2,0.08368396440793197,0.5333333333333333,3
33_Ethanethiol_5.3534,0.0010517657984880678,1.0,0.1296000863374193,0.2,0.049425703799193726,0.4,0.08282491282681347,0.5333333333333333,3
479_unknown_15.8937,0.0014831316930598696,1.0,0.1542194347389829,0.4,0.004781842543103507,0.2,0.07931091703171643,0.5333333333333333,3
System,0.0016183754199812941,1.0,0.009799666947911526,0.4,0.06408182741830976,0.2,0.07924221477843882,0.5333333333333333,3
378_unknown_12.7916,0.0019906049403505656,1.0,0.008784469018036745,0.2,0.0413703442673675,0.4,0.07879811787429185,0.5333333333333333,3
185_3-Furaldehyde_8.6966,0.0016048401947798279,1.0,0.06919804775482037,0.2,0.0354061141161507,0.4,0.07842300458970689,0.5333333333333333,3
639_Heneicosane_23.9741,0.0017021715342926368,1.0,0.1300461086812104,0.4,0.0005451759889541159,0.2,0.07814138188460772,0.5333333333333333,3
181_unknown_8.5867,0.0008949707781377107,1.0,0.07128080848592513,0.4,0.07073870792245131,0.2,0.0754806258074744,0.5333333333333333,3
49_1-Hexene_5.9389,0.0014411271665808012,1.0,0.050400704400040075,0.2,0.044681701455505644,0.4,0.07396664380522311,0.5333333333333333,3
317_unknown_11.247,0.0010927165936787278,1.0,0.018615728381466058,0.4,0.07658396792184215,0.2,0.07214889684019753,0.5333333333333333,3
187_unknown_8.7206,0.001240857876869168,1.0,0.06851619783551674,0.2,0.04211451153320496,0.4,0.07105817437344582,0.5333333333333333,3
565_Tris(2-chloropropyl) phosphate_19.2737,0.0011403524074938755,1.0,0.113030591758145,0.4,0.024170753612781093,0.2,0.0695547196613725,0.5333333333333333,3
406_unknown_13.7007,0.0014451512292447317,1.0,0.008338579709418526,0.2,0.048737063258519425,0.4,0.06660370953760496,0.5333333333333333,3
368_Naphthalene-D8_12.5094,0.0006196026827139176,1.0,0.07574062555619596,0.4,0.06292359786465922,0.2,0.06484909708283616,0.5333333333333333,3
"188_Decane, 2,5-dimethyl-_8.7353",0.0008993429921616659,1.0,0.02770276488295595,0.4,0.06543241418611873,0.2,0.0633041566180886,0.5333333333333333,3
28_Ethanol_5.0317,0.0008838441736273101,1.0,0.1026795965063692,0.2,0.029484756812139516,0.4,0.0624347210307566,0.5333333333333333,3
528_Caryophyllene_17.5296,0.001451330685201058,1.0,0.02452438037120163,0.2,0.029439238923136445,0.4,0.06116266449040986,0.5333333333333333,3
282_unknown_10.453,0.0008520953781133222,1.0,0.09520183506540843,0.2,0.031134619177199653,0.4,0.060640820320911615,0.5333333333333333,3
517_unknown_17.1233,0.0010088219244502555,1.0,0.049844914051359615,0.4,0.036573750108698296,0.2,0.05757648275112276,0.5333333333333333,3
292_?-Terpinene_10.7577,0.0005933952284262472,1.0,0.09623120418650591,0.4,0.039305681856684725,0.2,0.05737534394574815,0.5333333333333333,3
373_Heneicosane_12.641,0.0006041286993492953,1.0,0.06054187897576833,0.4,0.05240763241907159,0.2,0.055964969905723694,0.5333333333333333,3
168_2-Hexanoylfuran_8.3622,0.0015561970734525598,1.0,0.038076475397502654,0.4,0.005471485252645624,0.2,0.05572159093882496,0.5333333333333333,3
371_Pentadecane_12.5513,0.0013785055098333426,1.0,0.04032711389190362,0.4,0.013293662193772093,0.2,0.054882799960889045,0.5333333333333333,3
"351_Dodecane, 4-methyl-_12.2226",0.001143359830241933,1.0,0.08597169488615089,0.2,0.0026408626373877705,0.4,0.05326825489477697,0.5333333333333333,3
293_unknown_10.7792,0.0004509794995054911,1.0,0.014207888072514592,0.4,0.07213461550783756,0.2,0.05064977533664888,0.5333333333333333,3
370_Naphthalene_12.5386,0.0008185772985089542,1.0,0.05829797069069592,0.4,0.02602325004878075,0.2,0.04896726062358533,0.5333333333333333,3
266_Butyrolactone_10.163,0.0005778760052128134,1.0,0.04337505587607077,0.4,0.04671758946560384,0.2,0.04864281933273038,0.5333333333333333,3
297_unknown_10.8715,0.00034322171305794255,1.0,0.011628548440073234,0.4,0.07101163884001455,0.2,0.04644778428204354,0.5333333333333333,3
"309_L-Asparagine, N2-[(phenylmethoxy)carbonyl]-_11.1255",0.0008090778949344367,1.0,0.04495871663579457,0.4,0.023823755465739994,0.2,0.04465409911841572,0.5333333333333333,3
295_unknown_10.8396,0.000249678174429815,1.0,0.01386194620660449,0.4,0.06883269699386968,0.2,0.043225044367914946,0.5333333333333333,3
265_Undecane_10.1502,0.000503386706530959,1.0,0.05673901899004908,0.4,0.031616300147349966,0.2,0.042269268424094675,0.5333333333333333,3
"273_5-Hepten-2-one, 6-methyl-_10.2922",0.0005757512492511301,1.0,0.06226061468601818,0.4,0.02315903823472014,0.2,0.04152780807033462,0.5333333333333333,3
"159_Hexane, 2,3,5-trimethyl-_8.1838",0.0006537431225809334,1.0,0.034408071229270955,0.4,0.028556578126011558,0.2,0.04010884800500606,0.5333333333333333,3
"268_Heptane, 2,4,6-trimethyl-_10.2197",0.00027928410369834817,1.0,0.0978870998968488,0.4,0.021032558442879247,0.2,0.03999702272991298,0.5333333333333333,3
300_unknown_10.9251,0.0004912033829046925,1.0,0.03391788549128098,0.4,0.034048031690896916,0.2,0.037973824275874056,0.5333333333333333,3
301_Phenol_10.9302,0.0003229074334188915,1.0,0.054948323151436676,0.4,0.010996395713807979,0.2,0.026822485185113747,0.5333333333333333,3
203_Nonane_9.0036,0.0005126175481102549,1.0,0.02391480459183081,0.4,0.006811211989075093,0.2,0.023301071042846025,0.5333333333333333,3
559_Nonacosane_18.9792,0.0017493972809853986,1.0,0.26114633030815715,0.2,0.28219925203668045,0.2,0.24376133150376977,0.4666666666666667,3
213_cis-1-Ethyl-3-methyl-cyclohexane_9.213,0.0015504501328875357,1.0,0.022263046492833134,0.2,0.23716182423743148,0.2,0.1629888838263243,0.4666666666666667,3
"423_Heptadecane, 8-methyl-_14.0927",0.004653989385366699,1.0,0.11546011966127664,0.2,0.005185625892335448,0.2,0.16164386487384635,0.4666666666666667,3
485_unknown_16.0005,0.00237895297640351,1.0,0.1167860697879679,0.2,0.1334907246064125,0.2,0.15823351491754656,0.4666666666666667,3
"340_Phenylmethanesulfinic acid, ethyl ester_11.9223",0.0019093260261887027,1.0,0.13834359218732772,0.2,0.133164954874055,0.2,0.14945453118156263,0.4666666666666667,3
"507_Octane, 1,1'-oxybis-_16.7503",0.0021132198224472066,1.0,0.0703513624379419,0.2,0.14871141078360306,0.2,0.14751270951253406,0.4666666666666667,3
251_unknown_9.9433,0.001128752569754162,1.0,0.23824673189051768,0.2,0.1216128506301102,0.2,0.14393920235209012,0.4666666666666667,3
"557_Benzene, 1,1'-[1,2-ethanediylbis(oxy)]bis-_18.9136",0.0008747185208443356,1.0,0.0013193676235999756,0.2,0.2373485989360304,0.2,0.13903315495497381,0.4666666666666667,3
310_unknown_11.1481,0.001024619207937006,1.0,0.056156198119576874,0.2,0.20021204538133522,0.2,0.13782094692206132,0.4666666666666667,3
60_Methyl vinyl ketone_6.2662,0.00216838840567861,1.0,0.08383412750246622,0.2,0.09612441228683896,0.2,0.12692478260616188,0.4666666666666667,3
379_Tetracosane_12.7981,0.0005539383315751052,1.0,0.14405479405146712,0.2,0.1512390378972504,0.2,0.12056935401151614,0.4666666666666667,3
91_unknown_6.9199,0.0020812530692102663,1.0,0.12130374274408903,0.2,0.06867789886952758,0.2,0.11967489610450373,0.4666666666666667,3
139_unknown_7.676,0.0014085049363234412,1.0,0.1370658652683158,0.2,0.09249059381295181,0.2,0.11534177384065429,0.4666666666666667,3
92_unknown_6.9504,0.0016838432280258618,1.0,0.13295355207018017,0.2,0.06953430151864524,0.2,0.11131158196937126,0.4666666666666667,3
428_Heneicosane_14.2284,0.001649636229261009,1.0,0.19300380918413906,0.2,0.013281445081782596,0.2,0.09683755577233229,0.4666666666666667,3
"490_Octane, 3-methyl-_16.1108",0.0013412760135352063,1.0,0.09893483151276869,0.2,0.07237378825912723,0.2,0.09524060122977389,0.4666666666666667,3
665_Tetracosane_25.877,0.0013168679378787434,1.0,0.12955348414531384,0.2,0.05391011006445176,0.2,0.0925555042508518,0.4666666666666667,3
"512_1,4-bis[2-(4-Methylphenyl)diazen-1-yl]piperazine_16.9627",0.0009580431054816171,1.0,0.10574086427140253,0.2,0.06937661166610229,0.2,0.0843527274035315,0.4666666666666667,3
275_Propylene oxide_10.3406,0.001822510899013266,1.0,0.031746931082182454,0.2,0.04740640328374634,0.2,0.08201752031016506,0.4666666666666667,3
"183_Octane, 4-methyl-_8.6521",0.0013142668450306376,1.0,0.005509448660693836,0.2,0.08988674718140369,0.2,0.08193087463736702,0.4666666666666667,3
694_unknown_28.1214,0.0011247015893479054,1.0,0.1320177559456995,0.2,0.039835474154806025,0.2,0.08086196970021951,0.4666666666666667,3
256_?-Pinene_10.0098,0.0007615390338710481,0.8,0.08248871711000787,0.4,0.07763722445367809,0.2,0.07747327468544844,0.4666666666666667,3
308_Undecane_11.0884,0.0009462088698853922,1.0,0.011819244296796963,0.2,0.07563886881808209,0.2,0.06597771111583871,0.4666666666666667,3
"94_Hexane, 3-methyl-_7.0039",0.0016738881726744072,1.0,0.07887997333789383,0.4,0.0,0.0,0.0656105391977818,0.4666666666666667,2
"140_2,2-Dimethoxybutane_7.7177",0.001228939582367862,1.0,0.03415571224633509,0.2,0.012896444095083214,0.2,0.04902644012636848,0.4666666666666667,3
"156_Thiophene, 2-decyl-_8.0757",0.0015296762299748848,1.0,0.017187304957707084,0.4,0.0,0.0,0.047662753635894145,0.4666666666666667,2
"114_2H-Pyran-2-one, tetrahydro-6-pentyl-_7.3067",0.0012458036857384606,1.0,0.025565574235201734,0.2,0.011835772926208389,0.2,0.047077508731077876,0.4666666666666667,3
179_N-(4-Aminophenyl)butanediamide_8.5384,0.001340474635419582,1.0,0.014792234694290985,0.2,0.007034340722570608,0.2,0.045076442869047,0.4666666666666667,3
369_unknown_12.5231,0.00041718494931257237,0.8,0.06044788667642133,0.4,0.04081502603520346,0.2,0.045036878033016654,0.4666666666666667,3
249_unknown_9.9113,0.0012349489500144664,1.0,0.04135470633802385,0.4,0.0,0.0,0.04463385259099586,0.4666666666666667,2
"363_d-Xylitol, 1,3,5-trideoxy-3-nitro-, 4-(2,2-dimethylpropanoate)_12.4393",0.00041338451671677986,1.0,0.016989652260131032,0.2,0.06022987086560556,0.2,0.04449393842995219,0.4666666666666667,3
204_unknown_9.0293,0.0005815983650152083,1.0,0.09117980094865999,0.2,0.01238456854451945,0.2,0.04301158943680122,0.4666666666666667,3
192_unknown_8.8461,0.0005264989002291252,1.0,0.01033523117007092,0.2,0.044942751103235354,0.2,0.03892127278638025,0.4666666666666667,3
398_Anethole_13.4173,0.001065149222641761,1.0,0.028215497878569744,0.4,0.0,0.0,0.03682763725400174,0.4666666666666667,2
353_unknown_12.2877,0.0008029612674757072,1.0,0.05809531654791257,0.4,0.0,0.0,0.03601013830813013,0.4666666666666667,2
134_unknown_7.5536,0.0008159912772779771,1.0,0.0032034234515931613,0.2,0.024471322671430977,0.2,0.035810397600957763,0.4666666666666667,3
352_Levomenthol_12.2433,0.0005545733095896973,1.0,0.048637780726626015,0.2,0.017818956518505652,0.2,0.03531237512742514,0.4666666666666667,3
229_unknown_9.5219,0.0005278946120151854,1.0,0.0667469384100551,0.2,0.00892190549382967,0.2,0.03434266982593546,0.4666666666666667,3
396_1-Heptadecanamine_13.3775,0.000732203324792453,1.0,0.02993546592334473,0.2,0.003775870327359881,0.2,0.029485087775497774,0.4666666666666667,3
233_unknown_9.5768,0.0008941225634068383,1.0,0.002053817238524228,0.2,0.0014604085563230508,0.2,0.02676914957390604,0.4666666666666667,3
350_unknown_12.1835,0.0005722912112139298,1.0,0.024454396041094506,0.4,0.0,0.0,0.021868716869791385,0.4666666666666667,2
"286_Benzene, 2-ethyl-1,3-dimethyl-_10.5224",0.0004611794424008696,1.0,0.02598774220562971,0.2,0.0008701774945802297,0.2,0.019446442414751325,0.4666666666666667,3
248_unknown_9.9086,0.00027338982704332144,1.0,0.005566251696496572,0.2,0.010830938323294237,0.2,0.01426489641938738,0.4666666666666667,3
628_Heneicosane_23.3216,0.0035472168694929336,1.0,0.0,0.0,0.015262880159341928,0.2,0.1089107096787283,0.4,2
"424_Oxirane, pentyl-_14.1179",0.0017676625461933114,1.0,0.0,0.0,0.08823551741389944,0.2,0.09289229641620367,0.4,2
171_unknown_8.3955,0.0025575475837854504,1.0,0.0,0.0,0.03869456904700126,0.2,0.09178754396128697,0.4,2
364_unknown_12.445,0.001171521509275388,1.0,0.0,0.0,0.07464100752292933,0.2,0.06930607506322527,0.4,2
280_Dimethyl sulfone_10.4223,0.0014653092183763018,1.0,0.10490241438682443,0.2,0.0,0.0,0.06546458906870102,0.4,2
421_Hexadecane_14.0046,0.0012451588877084988,0.8,0.04879635918530324,0.2,0.037732408384086445,0.2,0.06466582300923855,0.4,3
290_unknown_10.7213,0.00032895993407662435,1.0,0.0,0.0,0.11243149719224264,0.2,0.0632738917784689,0.4,2
264_unknown_10.1473,0.0004506073525988187,0.8,0.014801690754642697,0.2,0.08989825938401298,0.2,0.05928043036658209,0.4,3
392_Tetracosane_13.2523,0.0010638203532765812,1.0,0.0,0.0,0.05992936528239642,0.2,0.05917478226164948,0.4,2
"365_1-Penten-3-ol, 3-methyl-_12.4715",0.0009552422291100946,1.0,0.0,0.0,0.06493755220292113,0.2,0.058463653589072795,0.4,2
366_unknown_12.4797,0.0008482015892437404,1.0,0.0,0.0,0.06573137092262697,0.2,0.05577798973723874,0.4,2
349_unknown_12.1443,0.0006640470244957618,1.0,0.0,0.0,0.062491586086118614,0.2,0.04895162076228745,0.4,2
"138_Butanoic acid, 2-methylbutyl ester_7.6681",0.0011526819388567276,1.0,0.0,0.0,0.018150158968805886,0.2,0.04170882872518431,0.4,2
151_Benzyl isopentyl ether_7.9137,0.0007269320578603915,1.0,0.027527367100457147,0.2,0.0,0.0,0.026986224751533543,0.4,2
397_unknown_13.4093,0.0006868319570885775,1.0,0.028234558459246262,0.2,0.0,0.0,0.025996057397484663,0.4,2
223_Heptanal_9.4117,0.0005765003025967236,1.0,0.0,0.0,0.0,0.0,0.016512252280155137,0.3333333333333333,1
"225_Cyclohexane, propyl-_9.437",0.00038653592271070263,1.0,0.0,0.0,0.0,0.0,0.011071249472710933,0.3333333333333333,1
221_unknown_9.3739,0.00074818959650657,0.8,0.0,0.0,0.0,0.0,0.021429815934625975,0.26666666666666666,1
695_Nonacosane_28.1737,0.0,0.0,0.0,0.0,0.0,0.0,0.0,0.0,0
TOTAL VOC,0.0,0.0,0.0,0.0,0.0,0.0,0.0,0.0,0
Cat,0.0,0.0,0.0,0.0,0.0,0.0,0.0,0.0,0
